ILCE;MAHALLE;YAPI;DIGER_YAPI
ALİAĞA;AŞAĞIŞAKRAN;326;24
ALİAĞA;ATATÜRK;688;200
ALİAĞA;B.HAYRETTİN PAŞA;746;118
ALİAĞA;BAHÇEDERE;113;27
ALİAĞA;BOZKÖY;379;223
ALİAĞA;ÇAKMAKLI;750;63
ALİAĞA;ÇALTILIDERE;624;86
ALİAĞA;ÇITAK;335;172
ALİAĞA;ÇORAKLAR;321;126
ALİAĞA;FATİH;785;115
ALİAĞA;GÜZELHİSAR;425;86
ALİAĞA;HACIÖMERLİ;422;71
ALİAĞA;HOROZGEDİĞİ;226;126
ALİAĞA;KALABAK;335;71
ALİAĞA;KAPUKAYA;142;80
ALİAĞA;KARAKÖY;124;19
ALİAĞA;KARAKUZU;297;88
ALİAĞA;KAZIM DİRİK;569;9
ALİAĞA;KÜLTÜR;1043;56
ALİAĞA;KURTULUŞ;596;19
ALİAĞA;MİMAR SİNAN;572;52
ALİAĞA;SAMURLU;346;64
ALİAĞA;ŞEHİTKEMAL;228;75
ALİAĞA;SİTELER;464;606
ALİAĞA;UZUNHASANLAR;154;67
ALİAĞA;YALI;915;59
ALİAĞA;YENİ;1446;39
ALİAĞA;YENİŞAKRAN;2851;72
ALİAĞA;YUKARI ŞEHİTKEMAL;151;19
ALİAĞA;YÜKSEKKÖY;87;42
BALÇOVA;BAHÇELERARASI;287;35
BALÇOVA;ÇETİN EMEÇ;835;36
BALÇOVA;EĞİTİM;1262;34
BALÇOVA;FEVZİ ÇAKMAK;882;6
BALÇOVA;İNCİRALTI;375;21
BALÇOVA;KORUTÜRK;1179;23
BALÇOVA;ONUR;1354;6
BALÇOVA;TELEFERİK;628;10
BAYINDIR;ALANKIYI;362;59
BAYINDIR;ALANKÖY;148;21
BAYINDIR;ARIKBAŞI;461;162
BAYINDIR;ATATÜRK;313;79
BAYINDIR;BALCILAR;179;17
BAYINDIR;BIYIKLAR;282;3
BAYINDIR;BURUNCUK;276;71
BAYINDIR;CAMİİ;455;9
BAYINDIR;ÇAMLIBEL;151;6
BAYINDIR;ÇENİKLER;112;26
BAYINDIR;ÇİFTÇİGEDİĞİ;152;88
BAYINDIR;ÇINAR;81;2
BAYINDIR;ÇINARDİBİ;633;291
BAYINDIR;ÇIRPI CAMİ;471;51
BAYINDIR;CUMHURİYET;395;131
BAYINDIR;DEMİRCİLİK;417;28
BAYINDIR;DEREKÖY;163;21
BAYINDIR;DERNEKLİ;96;11
BAYINDIR;ELİFLİ;316;90
BAYINDIR;ERGENLİ;459;108
BAYINDIR;FATİH;882;147
BAYINDIR;FIRINLI;717;370
BAYINDIR;GAZİLER;75;13
BAYINDIR;HACI BEŞİR;377;7
BAYINDIR;HACI İBRAHİM;736;24
BAYINDIR;HASKÖY;369;119
BAYINDIR;HATAY;155;12
BAYINDIR;HAVUZBAŞI;142;113
BAYINDIR;HİSARLIK;190;12
BAYINDIR;İBRAHİMÇAVUŞ;310;76
BAYINDIR;KABAAĞAÇ;99;6
BAYINDIR;KARAHALİLLİ;345;148
BAYINDIR;KARAHAYIT;41;23
BAYINDIR;KARAPINAR;55;33
BAYINDIR;KARAVELİLER;267;113
BAYINDIR;KIZILCAAĞAÇ;180;36
BAYINDIR;KIZILCAOVA;547;333
BAYINDIR;KIZILKEÇİLİ;256;25
BAYINDIR;KIZILOBA;429;32
BAYINDIR;KURT;451;7
BAYINDIR;LÜTUFLAR;240;93
BAYINDIR;MEKTEP;288;35
BAYINDIR;MİTHATPAŞA;283;23
BAYINDIR;NECATİ UZA;301;38
BAYINDIR;ORTA;146;3
BAYINDIR;OSMANLAR;139;21
BAYINDIR;PINARLI;858;312
BAYINDIR;SADIKPAŞA;649;135
BAYINDIR;SARIYURT;265;42
BAYINDIR;SÖĞÜTÖREN;374;13
BAYINDIR;TOKATBAŞI;237;78
BAYINDIR;TURAN;252;33
BAYINDIR;YAKACIK;371;142
BAYINDIR;YAKAPINAR;848;301
BAYINDIR;YENİ;350;11
BAYINDIR;YENİCE;76;12
BAYINDIR;YEŞİLOVA;611;248
BAYINDIR;YUSUFLU;585;294
BAYINDIR;ZEYTİNOVA;967;143
BAYRAKLI;75. YIL;57;1
BAYRAKLI;ADALET;1820;14
BAYRAKLI;ALPASLAN;1425;19
BAYRAKLI;BAYRAKLI;529;8
BAYRAKLI;ÇAY;1116;3
BAYRAKLI;CENGİZHAN;2065;13
BAYRAKLI;ÇİÇEK;1721;15
BAYRAKLI;DOĞANÇAY;603;12
BAYRAKLI;EMEK;2238;22
BAYRAKLI;FUAT EDİP BAKSI;1443;14
BAYRAKLI;GÜMÜŞPALA;2572;34
BAYRAKLI;KÖRFEZ;226;21
BAYRAKLI;MANAVKUYU;851;15
BAYRAKLI;MANSUROĞLU;1006;12
BAYRAKLI;MUHİTTİN ERENER;1360;11
BAYRAKLI;ONUR;2270;12
BAYRAKLI;ORG.NAFİZ GÜRMAN;2529;19
BAYRAKLI;OSMANGAZİ;1867;20
BAYRAKLI;POSTACILAR;945;4
BAYRAKLI;R.ŞEVKET İNCE;2008;23
BAYRAKLI;SOĞUKKUYU;409;9
BAYRAKLI;TEPEKULE;1224;5
BAYRAKLI;TURAN;66;2
BAYRAKLI;YAMANLAR;2429;24
BERGAMA;AHMETBEYLER;145;29
BERGAMA;AKÇENGER;127;40
BERGAMA;ALACALAR;60;18
BERGAMA;ALHATLI;125;47
BERGAMA;ALİBEYLİ;279;84
BERGAMA;ARMAĞANLAR;89;12
BERGAMA;AŞAĞIBEY;250;25
BERGAMA;AŞAĞICUMA;223;18
BERGAMA;AŞAĞIILGINDERE;57;2
BERGAMA;AŞAĞIKIRIKLAR;248;34
BERGAMA;ATATÜRK;1412;64
BERGAMA;ATÇILAR;82;20
BERGAMA;ATMACA;883;10
BERGAMA;AVUNDUK;18;4
BERGAMA;AVUNDURUK;39;
BERGAMA;AYASKENT;542;41
BERGAMA;AYVATLAR;122;6
BERGAMA;AZİZİYE;190;11
BERGAMA;BAHÇELİEVLER;789;49
BERGAMA;BALABAN;34;3
BERGAMA;BARBAROS;661;7
BERGAMA;BAYRAMCILAR;95;27
BERGAMA;BEKİRLER;21;17
BERGAMA;BÖLCEK;638;92
BERGAMA;BOZKÖY;218;60
BERGAMA;BOZYERLER;95;5
BERGAMA;ÇAKIRLAR;25;6
BERGAMA;ÇALIBAHÇE;33;1
BERGAMA;ÇALTIKORU;40;11
BERGAMA;ÇAMAVLU;289;42
BERGAMA;ÇAMKÖY;100;5
BERGAMA;ÇAMOBA;54;10
BERGAMA;ÇELTİKÇİ;99;25
BERGAMA;CEVAPLI;52;9
BERGAMA;ÇİTKÖY;157;65
BERGAMA;ÇOBANLAR;66;2
BERGAMA;ÇÜRÜKBAĞLAR;113;34
BERGAMA;DAĞISTAN;121;2
BERGAMA;DEMİRCİDERE;71;3
BERGAMA;DEREKÖY;105;32
BERGAMA;DOĞANCI;82;23
BERGAMA;DURMUŞLAR;209;59
BERGAMA;EĞİLLER;59;12
BERGAMA;EĞRİGÖL;87;27
BERGAMA;ERTUĞRUL;590;18
BERGAMA;FATİH;2101;74
BERGAMA;FERİZLER;106;11
BERGAMA;FEVZİPAŞA;1007;12
BERGAMA;GAYLAN;59;21
BERGAMA;GAZİOSMANPAŞA;994;51
BERGAMA;GAZİPAŞA;340;4
BERGAMA;GÖBELLER;134;17
BERGAMA;GÖÇBEYLİ;871;108
BERGAMA;GÖKÇEYURT;32;3
BERGAMA;GÜLTEPE;38;4
BERGAMA;GÜNEŞLİ;73;1
BERGAMA;HACIHAMZALAR;98;14
BERGAMA;HACILAR (DEREKÖY BUCAĞI);91;3
BERGAMA;HACILAR (İSMAİLLİ BUCAĞI);79;18
BERGAMA;HALİLAĞALAR;44;6
BERGAMA;HAMZALISÜLEYMANİYE;108;22
BERGAMA;HİSARKÖY;84;2
BERGAMA;İKİZLER;68;4
BERGAMA;ILGINCABER;72;3
BERGAMA;İNCECİKLER;106;16
BERGAMA;İNEŞİR;80;17
BERGAMA;İNKILAP;542;24
BERGAMA;İSLAMSARAY;429;19
BERGAMA;İSMAİLLİ;138;6
BERGAMA;KADIKÖY;283;37
BERGAMA;KADRİYE;165;17
BERGAMA;KALEARDI;39;10
BERGAMA;KAPLAN (GÖÇBEYLİ BUCAĞI);33;7
BERGAMA;KAPLAN (YUKARIBEY BUCAĞI);150;10
BERGAMA;KAPUKAYA;40;4
BERGAMA;KARAHIDIRLI;111;12
BERGAMA;KARALAR;143;14
BERGAMA;KARAVELİLER;321;26
BERGAMA;KAŞIKÇI;102;6
BERGAMA;KATRANCI;64;12
BERGAMA;KIRANLI;133;8
BERGAMA;KIRCALAR;93;23
BERGAMA;KIZILTEPE;55;24
BERGAMA;KOCAHALİLLER;17;14
BERGAMA;KOCAKÖY;21;4
BERGAMA;KOYUNELİ;200;36
BERGAMA;KOZLUCA;146;24
BERGAMA;KURFALLI;156;6
BERGAMA;KURTULUŞ;754;11
BERGAMA;MAHMUDİYE;145;11
BERGAMA;MALTEPE;1277;21
BERGAMA;MARUFLAR;43;8
BERGAMA;MURATLAR;52;4
BERGAMA;NARLICA;134;1
BERGAMA;OKÇULAR;150;11
BERGAMA;ÖKSÜZLER;64;7
BERGAMA;ÖRENLİ;229;8
BERGAMA;ÖRLEMİŞ;160;29
BERGAMA;ORUŞLAR;174;64
BERGAMA;OVACIK;195;17
BERGAMA;PAŞAKÖY;108;35
BERGAMA;PINARKÖY;192;2
BERGAMA;PİREVELİLER;83;27
BERGAMA;RAHMANLAR;58;8
BERGAMA;SAĞANCI;227;14
BERGAMA;SARICALAR;222;27
BERGAMA;SARICAOĞLU;75;17
BERGAMA;SARIDERE;129;5
BERGAMA;SEKLİK;153;21
BERGAMA;SELÇUK;876;17
BERGAMA;SİNDEL;82;5
BERGAMA;SÜLEYMANLI;58;4
BERGAMA;TALATPAŞA;501;10
BERGAMA;TAVUKÇUKURU;157;23
BERGAMA;TEKKEDERE;122;15
BERGAMA;TEPEKÖY;259;7
BERGAMA;TERZİHALİLLER;114;4
BERGAMA;TIRMANLAR;288;36
BERGAMA;TİYELTİ;100;3
BERGAMA;TOPALLAR;112;20
BERGAMA;TURABEY;776;23
BERGAMA;ÜÇTEPE;60;7
BERGAMA;ULUCAMİİ;516;13
BERGAMA;ÜRKÜTLER;109;21
BERGAMA;YALNIZDAM;73;9
BERGAMA;YALNIZEV;129;2
BERGAMA;YENİKENT;413;54
BERGAMA;YENİLER;61;9
BERGAMA;YERLİTAHTACI;94;5
BERGAMA;YORTANLI;44;13
BERGAMA;YUKARIADA;118;2
BERGAMA;YUKARIBEY;487;25
BERGAMA;YUKARICUMA;79;5
BERGAMA;YUKARIKIRIKLAR;86;7
BERGAMA;ZAFER;629;22
BERGAMA;ZAĞNOZ;68;11
BERGAMA;ZEYTİNDAĞ;1387;103
BEYDAĞ;ADAKÜRE;306;32
BEYDAĞ;AKTEPE;323;89
BEYDAĞ;ALAKEÇİLİ;120;19
BEYDAĞ;ATATÜRK;750;26
BEYDAĞ;BAKIRKÖY;121;35
BEYDAĞ;BEYKÖY;180;11
BEYDAĞ;ÇAMLIK;137;9
BEYDAĞ;ÇİFTLİKKÖY;65;10
BEYDAĞ;ÇOMAKLAR;211;12
BEYDAĞ;CUMHURİYET;956;65
BEYDAĞ;EĞRİDERE;265;47
BEYDAĞ;ERİKLİ;261;6
BEYDAĞ;HALIKÖY;373;72
BEYDAĞ;KARAOBA;169;63
BEYDAĞ;KURUDERE;232;88
BEYDAĞ;MENDERES;54;20
BEYDAĞ;MUTAFLAR;161;29
BEYDAĞ;PALAMUTÇUK;106;29
BEYDAĞ;SARIKAYA;95;33
BEYDAĞ;TABAKLAR;56;3
BEYDAĞ;YAĞCILAR;380;65
BEYDAĞ;YENİYURT;73;14
BEYDAĞ;YEŞİLTEPE;140;31
BEYDAĞ;YUKARIAKTEPE;174;52
BEYDAĞ;YUKARITOSUNLAR;76;20
BORNOVA;ATATÜRK;3682;74
BORNOVA;BARBAROS;1636;5
BORNOVA;BEŞYOL;259;17
BORNOVA;BİRLİK;1157;14
BORNOVA;ÇAMİÇİ;131;24
BORNOVA;ÇAMKULE;819;7
BORNOVA;ÇİÇEKLİ;248;5
BORNOVA;ÇINAR;982;16
BORNOVA;DOĞANLAR;3346;37
BORNOVA;EGEMENLİK;1740;60
BORNOVA;EĞRİDERE;478;62
BORNOVA;ERGENE;743;7
BORNOVA;ERZENE;2531;45
BORNOVA;EVKA 3;1702;25
BORNOVA;EVKA 4;216;16
BORNOVA;GAZİ OSMAN PAŞA;2186;11
BORNOVA;GÖKDERE;271;27
BORNOVA;GÜRPINAR;1849;33
BORNOVA;İNÖNÜ;3637;48
BORNOVA;IŞIKLAR;526;11
BORNOVA;KARAÇAM;321;13
BORNOVA;KARACAOĞLAN;1152;47
BORNOVA;KAVAKLIDERE;636;25
BORNOVA;KAYADİBİ;140;9
BORNOVA;KAZIMDİRİK;2788;76
BORNOVA;KEMALPAŞA;2175;28
BORNOVA;KIZILAY;2346;52
BORNOVA;KOŞUKAVAK;1177;14
BORNOVA;KURUDERE;34;5
BORNOVA;LAKA;156;22
BORNOVA;MERİÇ;2225;29
BORNOVA;MERKEZ;1097;12
BORNOVA;MEVLANA;2601;20
BORNOVA;NALDÖKEN;1987;13
BORNOVA;RAFET PAŞA;2658;14
BORNOVA;SARNIÇKÖY;72;3
BORNOVA;SERİNTEPE;1250;9
BORNOVA;TUNA;1406;15
BORNOVA;ÜMİT;694;10
BORNOVA;YAKAKÖY;844;15
BORNOVA;YEŞİLÇAM;851;3
BORNOVA;YEŞİLOVA;3327;22
BORNOVA;YILDIRIM BEYAZIT;1156;6
BORNOVA;YUNUS EMRE;467;9
BORNOVA;ZAFER;1795;6
BUCA;29 EKİM;1048;201
BUCA;ADATEPE;2189;118
BUCA;AKINCILAR;1028;124
BUCA;ATATÜRK;1425;39
BUCA;AYDOĞDU;144;52
BUCA;BARIŞ;887;39
BUCA;BELENBAŞI;860;74
BUCA;BUCA KOOP;562;18
BUCA;ÇAĞDAŞ;56;17
BUCA;ÇALDIRAN;574;22
BUCA;ÇAMLIK;1300;8
BUCA;ÇAMLIKULE;2013;15
BUCA;ÇAMLIPINAR;1402;18
BUCA;CUMHURİYET;65;9
BUCA;DİCLE;707;17
BUCA;DOĞANCILAR;207;10
BUCA;DUMLUPINAR;782;30
BUCA;EFELER;1498;30
BUCA;FIRAT;2110;35
BUCA;GAZİLER;346;8
BUCA;GÖKSU;3502;34
BUCA;GÜVEN;528;3
BUCA;HÜRRİYET;1481;1
BUCA;İNKILAP;859;15
BUCA;İNÖNÜ;2848;45
BUCA;İZKENT;116;2
BUCA;KARACAAĞAÇ;572;65
BUCA;KARANFİL;110;3
BUCA;KAYNAKLAR MERKEZ;760;65
BUCA;KIRKLAR;582;65
BUCA;KOZAĞAÇ;1910;12
BUCA;KURUÇEŞME;1342;24
BUCA;LALELİ;609;5
BUCA;MENDERES;994;16
BUCA;MURATHAN;1295;13
BUCA;MUSTAFA KEMAL;2114;31
BUCA;SEYHAN;2639;27
BUCA;ŞİRİNKAPI;671;7
BUCA;UFUK;2436;21
BUCA;VALİ RAHMİ BEY;898;9
BUCA;YAYLACIK;1649;48
BUCA;YENİGÜN;1705;11
BUCA;YEŞİLBAĞLAR;2158;13
BUCA;YİĞİTLER;998;69
BUCA;YILDIZ;1735;44
BUCA;YILDIZLAR;154;71
BUCA;ZAFER;779;138
ÇEŞME;16 EYLÜL;1060;16
ÇEŞME;ALAÇATI;9515;90
ÇEŞME;ALTINKUM;244;2
ÇEŞME;ALTINYUNUS;673;16
ÇEŞME;ARDIÇ;1336;22
ÇEŞME;BOYALIK;841;8
ÇEŞME;ÇAKABEY;411;3
ÇEŞME;CELAL BAYAR;1504;57
ÇEŞME;ÇİFTLİK;1915;44
ÇEŞME;CUMHURİYET;1780;25
ÇEŞME;DALYAN;1641;22
ÇEŞME;FAHRETTİNPAŞA;285;1
ÇEŞME;GERMİYAN;2478;37
ÇEŞME;ILDIR;1132;15
ÇEŞME;ILICA;1154;18
ÇEŞME;İSMET İNÖNÜ;1431;29
ÇEŞME;KARAKÖY;15;
ÇEŞME;MUSALLA;1428;33
ÇEŞME;OVACIK;1694;30
ÇEŞME;REİSDERE;1000;42
ÇEŞME;SAKARYA;704;19
ÇEŞME;ŞEHİT MEHMET;750;1
ÇEŞME;ŞİFNE;2074;23
ÇEŞME;ÜNİVERSİTE;1100;16
ÇEŞME;YALI;2225;13
ÇİĞLİ;AHMET EFENDİ;203;5
ÇİĞLİ;AHMET TANER KIŞLALI;901;17
ÇİĞLİ;ATAŞEHİR;1692;87
ÇİĞLİ;ATATÜRK;193;34
ÇİĞLİ;AYDINLIKEVLER;645;14
ÇİĞLİ;BALATÇIK;1774;47
ÇİĞLİ;ÇAĞDAŞ;179;5
ÇİĞLİ;CUMHURİYET;202;17
ÇİĞLİ;EGEKENT;227;11
ÇİĞLİ;ESENTEPE;213;36
ÇİĞLİ;EVKA-2;1103;5
ÇİĞLİ;EVKA-5;169;8
ÇİĞLİ;EVKA-6;42;3
ÇİĞLİ;GÜZELTEPE;1492;22
ÇİĞLİ;HARMANDALI GAZİ MUSTAFA KEMAL ATATÜRK;537;24
ÇİĞLİ;İNÖNÜ;620;15
ÇİĞLİ;İZKENT;163;5
ÇİĞLİ;KAKLIÇ;632;18
ÇİĞLİ;KÖYİÇİ;999;8
ÇİĞLİ;KÜÇÜK ÇİĞLİ;2182;44
ÇİĞLİ;MALTEPE;743;7
ÇİĞLİ;SASALI MERKEZ;1702;213
ÇİĞLİ;ŞİRİNTEPE;1860;31
ÇİĞLİ;UĞUR MUMCU;589;24
ÇİĞLİ;YAKAKENT;526;24
ÇİĞLİ;YENİ MAHALLE;1319;22
DİKİLİ;BADEMLİ;1852;212
DİKİLİ;BAHÇELİ;420;61
DİKİLİ;ÇAĞLAN;89;40
DİKİLİ;ÇANDARLI;8123;213
DİKİLİ;ÇUKURALANI;62;28
DİKİLİ;CUMHURİYET;6133;79
DİKİLİ;DELİKTAŞ;486;170
DİKİLİ;DEMİRTAŞ;241;61
DİKİLİ;DENİZKÖY;518;37
DİKİLİ;ESENTEPE;143;72
DİKİLİ;GAZİPAŞA;1058;42
DİKİLİ;GÖKÇEAĞIL;211;118
DİKİLİ;İSLAMLAR;150;87
DİKİLİ;İSMETPAŞA;2313;149
DİKİLİ;KABAKUM;3844;85
DİKİLİ;KATIRALANI;92;51
DİKİLİ;KIRATLI;326;221
DİKİLİ;KIROBA;82;18
DİKİLİ;KIZILÇUKUR;108;89
DİKİLİ;KOCAOBA;125;88
DİKİLİ;MAZILI;86;30
DİKİLİ;MERDİVENLİ;95;71
DİKİLİ;NEBİLER;90;21
DİKİLİ;SALİHLER;9051;202
DİKİLİ;SALİMBEY;910;59
DİKİLİ;SAMANLIKKÖY;70;25
DİKİLİ;UZUNBURUN;335;27
DİKİLİ;YAHŞİBEY;157;91
DİKİLİ;YAYLAYURT;136;57
DİKİLİ;YENİCE;91;62
FOÇA;ATATÜRK;2637;58
FOÇA;CUMHURİYET;1850;18
FOÇA;FATİH;1413;14
FOÇA;FEVZİ ÇAKMAK;2171;21
FOÇA;FEVZİPAŞA;479;49
FOÇA;HACIVELİ;883;249
FOÇA;ILIPINAR;689;263
FOÇA;İSMETPAŞA;2360;70
FOÇA;KAZIM DİRİK;807;42
FOÇA;KEMAL ATATÜRK;484;150
FOÇA;KOCA MEHMETLER;160;29
FOÇA;KOZBEYLİ;814;145
FOÇA;MAREŞAL FEVZİ ÇAKMAK;574;150
FOÇA;MUSTAFA KEMAL ATATÜRK;3412;44
FOÇA;YENİBAĞARASI;1215;266
FOÇA;YENİKÖY;322;62
GAZİEMİR;AKTEPE;1020;32
GAZİEMİR;ATATÜRK;1218;11
GAZİEMİR;ATIFBEY;667;15
GAZİEMİR;BEYAZEVLER;1419;25
GAZİEMİR;BİNBAŞI REŞATBEY;503;19
GAZİEMİR;DOKUZ EYLÜL;1567;54
GAZİEMİR;EMREZ;955;53
GAZİEMİR;FATİH;973;24
GAZİEMİR;GAZİ;869;34
GAZİEMİR;GAZİKENT;149;18
GAZİEMİR;HÜRRİYET;1727;29
GAZİEMİR;IRMAK;1151;63
GAZİEMİR;MENDERES;1385;22
GAZİEMİR;SEVGİ;726;28
GAZİEMİR;YEŞİL;833;81
GAZİEMİR;ZAFER;140;6
GÜZELBAHÇE;ATATÜRK;970;10
GÜZELBAHÇE;ÇAMLI;973;48
GÜZELBAHÇE;ÇELEBİ;922;20
GÜZELBAHÇE;KAHRAMANDERE;2026;107
GÜZELBAHÇE;KÜÇÜKKAYA;152;10
GÜZELBAHÇE;MALTEPE;763;28
GÜZELBAHÇE;MUSTAFA KEMAL PAŞA;1224;138
GÜZELBAHÇE;PAYAMLI;195;7
GÜZELBAHÇE;SİTELER;744;19
GÜZELBAHÇE;YAKA;311;10
GÜZELBAHÇE;YALI;1331;15
GÜZELBAHÇE;YELKİ;1239;145
KARABAĞLAR;ABDİ İPEKÇİ;967;6
KARABAĞLAR;ADNAN SÜVARİ;230;1
KARABAĞLAR;ALİ FUAT CEBESOY;1001;18
KARABAĞLAR;ALİ FUAT ERDEN;411;2
KARABAĞLAR;ARAP HASAN;483;11
KARABAĞLAR;AŞIK VEYSEL;1688;24
KARABAĞLAR;AYDIN;1530;42
KARABAĞLAR;BAHAR;1059;25
KARABAĞLAR;BAHÇELİEVLER;991;24
KARABAĞLAR;BAHRİYE ÜÇOK;610;19
KARABAĞLAR;BARIŞ;1198;22
KARABAĞLAR;BASIN SİTESİ;701;33
KARABAĞLAR;BOZYAKA;1719;15
KARABAĞLAR;ÇALIKUŞU;1412;24
KARABAĞLAR;CENNETÇEŞME;853;18
KARABAĞLAR;CENNETOĞLU;913;23
KARABAĞLAR;DEVRİM;748;37
KARABAĞLAR;DOĞANAY;482;3
KARABAĞLAR;ESENLİK;372;5
KARABAĞLAR;ESENTEPE;220;6
KARABAĞLAR;ESENYALI;353;13
KARABAĞLAR;FAHRETTİN ALTAY;434;14
KARABAĞLAR;GAZİ;960;25
KARABAĞLAR;GENERAL ASIM GÜNDÜZ;331;2
KARABAĞLAR;GENERAL KAZIM ÖZALP;460;27
KARABAĞLAR;GÜLYAKA;1093;28
KARABAĞLAR;GÜNALTAY;2325;64
KARABAĞLAR;İHSAN ALYANAK;1649;22
KARABAĞLAR;KARABAĞLAR;1463;19
KARABAĞLAR;KAVACIK;369;17
KARABAĞLAR;KAZIM KARABEKİR;722;14
KARABAĞLAR;KİBAR;676;12
KARABAĞLAR;LİMONTEPE;1035;7
KARABAĞLAR;MALİYECİLER;311;8
KARABAĞLAR;METİN OKTAY;657;14
KARABAĞLAR;MUAMMER AKAR;372;7
KARABAĞLAR;OSMAN AKSÜNER;511;7
KARABAĞLAR;ÖZGÜR;1144;25
KARABAĞLAR;PEKER;1732;21
KARABAĞLAR;POLİGON;172;8
KARABAĞLAR;REFET BELE;846;14
KARABAĞLAR;REİS;443;8
KARABAĞLAR;SALİH OMURTAK;1376;30
KARABAĞLAR;SARIYER;1320;17
KARABAĞLAR;ŞEHİTLER;577;17
KARABAĞLAR;SELVİLİ;1107;13
KARABAĞLAR;SEVGİ;776;9
KARABAĞLAR;TAHSİN YAZICI;453;15
KARABAĞLAR;TIRAZLI;97;16
KARABAĞLAR;ÜÇKUYULAR;422;13
KARABAĞLAR;UĞUR MUMCU;1184;22
KARABAĞLAR;UMUT;1646;22
KARABAĞLAR;UZUNDERE;865;66
KARABAĞLAR;VATAN;1614;35
KARABAĞLAR;YAŞAR KEMAL;74;2
KARABAĞLAR;YUNUS EMRE;3446;56
KARABAĞLAR;YURDOĞLU;627;31
KARABAĞLAR;YÜZBAŞI ŞERAFETTİN;1090;26
KARABURUN;ANBARSEKİ;269;9
KARABURUN;BOZKÖY;384;8
KARABURUN;EĞLENHOCA;341;
KARABURUN;HASSEKİ;165;2
KARABURUN;İNECİK;387;2
KARABURUN;İSKELE;1702;16
KARABURUN;KÖSEDERE;465;10
KARABURUN;KÜÇÜKBAHÇE;1451;25
KARABURUN;MERKEZ;859;12
KARABURUN;MORDOĞAN;7348;90
KARABURUN;PARLAK;151;10
KARABURUN;SAİP;433;5
KARABURUN;SALMAN;108;5
KARABURUN;SARPINCIK;188;6
KARABURUN;TEPEBOZ;362;5
KARABURUN;YAYLA;108;3
KARŞIYAKA;AKSOY;759;3
KARŞIYAKA;ALAYBEY;597;1
KARŞIYAKA;ATAKENT;355;8
KARŞIYAKA;BAHARİYE;779;2
KARŞIYAKA;BAHÇELİEVLER;1113;11
KARŞIYAKA;BAHRİYE ÜÇOK;646;9
KARŞIYAKA;BOSTANLI;1700;20
KARŞIYAKA;CUMHURİYET;2821;32
KARŞIYAKA;DEDEBAŞI;1126;1
KARŞIYAKA;DEMİRKÖPRÜ;369;1
KARŞIYAKA;DONANMACI;948;2
KARŞIYAKA;FİKRİ ALTAY;447;
KARŞIYAKA;GONCALAR;630;2
KARŞIYAKA;İMBATLI;643;1
KARŞIYAKA;İNÖNÜ;628;16
KARŞIYAKA;LATİFE HANIM;430;3
KARŞIYAKA;MAVİŞEHİR;367;16
KARŞIYAKA;MUSTAFA KEMAL;198;6
KARŞIYAKA;NERGİZ;464;3
KARŞIYAKA;ÖRNEKKÖY;2115;20
KARŞIYAKA;SANCAKLI;65;7
KARŞIYAKA;ŞEMİKLER;1978;12
KARŞIYAKA;TERSANE;445;2
KARŞIYAKA;TUNA;695;6
KARŞIYAKA;YALI;1495;20
KARŞIYAKA;YAMANLAR;94;23
KARŞIYAKA;ZÜBEYDE HANIM;747;10
KEMALPAŞA;AKALAN;547;111
KEMALPAŞA;ANSIZCA;252;31
KEMALPAŞA;ARMUTLU 85.YIL CUMHURİYET;1708;48
KEMALPAŞA;ARMUTLU HÜRRİYET;1719;34
KEMALPAŞA;AŞAĞI YENMİŞ;157;9
KEMALPAŞA;AŞAĞIKIZILCA;950;27
KEMALPAŞA;ATATÜRK;1358;41
KEMALPAŞA;BAĞYURDU 29 EKİM;621;12
KEMALPAŞA;BAĞYURDU KAZIMPAŞA;896;27
KEMALPAŞA;BAĞYURDU KEMAL ATATÜRK;190;8
KEMALPAŞA;BAĞYURDU YENİ;934;65
KEMALPAŞA;BAYRAMLI;103;3
KEMALPAŞA;BEŞPINAR;150;25
KEMALPAŞA;ÇAMBEL;615;18
KEMALPAŞA;ÇINARKÖY;630;29
KEMALPAŞA;ÇİNİLİKÖY;450;19
KEMALPAŞA;CUMALI;163;4
KEMALPAŞA;DAMLACIK;223;1
KEMALPAŞA;DEREKÖY;224;34
KEMALPAŞA;GÖKÇEYURT;195;49
KEMALPAŞA;GÖKYAKA;88;
KEMALPAŞA;HALİLBEYLİ;970;151
KEMALPAŞA;HAMZABABA;62;26
KEMALPAŞA;KAMBERLER;134;25
KEMALPAŞA;KIZILÜZÜM;339;16
KEMALPAŞA;KUYUCAK;293;20
KEMALPAŞA;MEHMET AKİF ERSOY;2066;190
KEMALPAŞA;NAZARKÖY;213;7
KEMALPAŞA;ÖREN 75.YIL CUMHURİYET;1740;63
KEMALPAŞA;ÖREN EGEMEN;297;18
KEMALPAŞA;ÖRNEKKÖY;788;43
KEMALPAŞA;OVACIK;220;44
KEMALPAŞA;SARIÇALI;163;22
KEMALPAŞA;SARILAR;455;44
KEMALPAŞA;SEKİZ EYLÜL;1320;29
KEMALPAŞA;SİNANCILAR;337;40
KEMALPAŞA;SOĞUKPINAR;1781;34
KEMALPAŞA;SÜTÇÜLER;1037;40
KEMALPAŞA;ULUCAK CUMHURİYET;327;4
KEMALPAŞA;ULUCAK İSTİKLAL;846;43
KEMALPAŞA;ULUCAK MUSTAFA KEMAL ATATÜRK;857;80
KEMALPAŞA;VİŞNELİ;362;22
KEMALPAŞA;YENİKURUDERE;128;16
KEMALPAŞA;YENMİŞ;72;
KEMALPAŞA;YEŞİLKÖY;124;
KEMALPAŞA;YEŞİLYURT;114;16
KEMALPAŞA;YİĞİTLER;561;18
KEMALPAŞA;YUKARIKIZILCA MERKEZ;1776;167
KEMALPAŞA;ZEAMET;67;17
KINIK;ARPADERE;129;22
KINIK;ARPASEKİ;149;15
KINIK;AŞAĞI;607;39
KINIK;AZİZİYE;66;37
KINIK;BADEMALAN;122;52
KINIK;BAĞALAN;101;24
KINIK;BALABAN;124;2
KINIK;BÜYÜKOBA;81;19
KINIK;ÇALTI;73;12
KINIK;ÇANKÖY;95;5
KINIK;ÇİFTLİKKÖY;57;10
KINIK;CUMALI;160;25
KINIK;DEĞİRMENCİELİ;55;8
KINIK;DÜNDARLI;173;41
KINIK;ELMADERE;78;7
KINIK;FATİH;1023;71
KINIK;HAMZAHOCALI;179;30
KINIK;İBRAHİMAĞA;51;4
KINIK;IŞIKLAR;32;2
KINIK;KALEMKÖY;51;3
KINIK;KARADERE;109;84
KINIK;KARATEKELİ;31;7
KINIK;KOCAÖMER;170;19
KINIK;KODUKBURUN;19;10
KINIK;KÖSELER;130;15
KINIK;MISTIKLAR;93;16
KINIK;MUSACALI;54;19
KINIK;ÖRTÜLÜ;240;54
KINIK;OSMANİYE;681;52
KINIK;POYRACIK;1980;148
KINIK;SUCAHLI;120;23
KINIK;TAŞTEPE;114;20
KINIK;TÜRKCEDİT;517;45
KINIK;YAYAKENT;761;160
KINIK;YAYLAKÖY;106;16
KINIK;YENİ;457;17
KINIK;YUKARI;252;10
KİRAZ;AHMETLER;72;11
KİRAZ;AKPINAR;453;99
KİRAZ;ALTINOLUK;236;82
KİRAZ;ARKACILAR;252;67
KİRAZ;AVUNDURUK;92;40
KİRAZ;AYDOĞDU;175;98
KİRAZ;BAHÇEARASI;165;53
KİRAZ;BAŞARAN;155;85
KİRAZ;ÇANAKÇI;156;64
KİRAZ;ÇATAK;309;102
KİRAZ;ÇAYAĞZI;842;341
KİRAZ;CERİTLER;395;134
KİRAZ;CEVİZLİ;607;90
KİRAZ;ÇÖMLEKÇİ;470;284
KİRAZ;CUMHURİYET;815;71
KİRAZ;DOĞANCILAR;480;107
KİRAZ;DOKUZLAR;244;33
KİRAZ;EMENLER;150;98
KİRAZ;GEDİK;213;95
KİRAZ;HALİLLER;578;184
KİRAZ;HİSAR;248;86
KİRAZ;İĞDELİ;520;150
KİRAZ;İSTİKLAL;1069;133
KİRAZ;KALEKÖY;237;57
KİRAZ;KARABAĞ;115;39
KİRAZ;KARABULU;190;48
KİRAZ;KARABURÇ;1013;182
KİRAZ;KARAMAN;316;56
KİRAZ;KİBAR;139;36
KİRAZ;KIRKÖY;280;110
KİRAZ;MAVİDERE;240;121
KİRAZ;MERSİNLİDERE;207;152
KİRAZ;OLGUNLAR;460;175
KİRAZ;ÖREN;231;41
KİRAZ;ÖRENCİK;327;84
KİRAZ;OVACIK;174;93
KİRAZ;PINARBAŞI;79;52
KİRAZ;SAÇLI;167;71
KİRAZ;SARIKAYA;198;108
KİRAZ;SARISU;166;102
KİRAZ;ŞEMSİLER;343;92
KİRAZ;SIRIMLI;200;123
KİRAZ;SOLAKLAR;328;116
KİRAZ;SULUDERE;750;302
KİRAZ;TAŞLIYATAK;221;90
KİRAZ;TEKBIÇAKLAR;200;63
KİRAZ;TUMBULLAR;138;32
KİRAZ;UMURCALI;272;67
KİRAZ;UMURLU;431;48
KİRAZ;UZUNKÖY;181;117
KİRAZ;VELİLER;211;122
KİRAZ;YAĞLAR;289;126
KİRAZ;YENİ;827;80
KİRAZ;YENİKÖY;309;104
KİRAZ;YENİŞEHİR;294;102
KİRAZ;YEŞİLDERE;206;86
KONAK;1.KADRİYE;1422;21
KONAK;19 MAYIS;639;7
KONAK;2.KADRİYE;1659;15
KONAK;26 AĞUSTOS;664;9
KONAK;AKARCALI;918;7
KONAK;AKDENİZ;512;14
KONAK;AKIN SİMAV;262;6
KONAK;AKINCI;207;6
KONAK;ALİ REİS;392;
KONAK;ALSANCAK;1088;36
KONAK;ALTAY;223;2
KONAK;ALTINORDU;231;7
KONAK;ALTINTAŞ;404;3
KONAK;ANADOLU;487;5
KONAK;ATAMER;638;5
KONAK;ATİLLA;895;11
KONAK;AZİZİYE;750;13
KONAK;BALLIKUYU;983;7
KONAK;BARBAROS;481;7
KONAK;BOĞAZİÇİ;1029;13
KONAK;BOZKURT;99;
KONAK;ÇAHABEY;227;2
KONAK;ÇANKAYA;603;16
KONAK;CENGİZ TOPEL;655;15
KONAK;ÇİMENTEPE;726;8
KONAK;ÇINARLI;346;38
KONAK;ÇINARTEPE;915;16
KONAK;DAYIEMİR;201;2
KONAK;DOLAPLIKUYU;224;3
KONAK;DUATEPE;592;11
KONAK;EGE;467;6
KONAK;EMİR SULTAN;548;
KONAK;ETİLER;651;20
KONAK;FAİK PAŞA;327;12
KONAK;FATİH;198;6
KONAK;FERAHLI;2174;40
KONAK;FEVZİ PAŞA;64;3
KONAK;GÖZTEPE;757;19
KONAK;GÜNEŞ;109;1
KONAK;GÜNEŞLİ;365;11
KONAK;GÜNEY;1204;5
KONAK;GÜNGÖR;179;1
KONAK;GÜZELYALI;1044;24
KONAK;GÜZELYURT;434;
KONAK;HALKAPINAR;414;15
KONAK;HASAN ÖZDEMİR;543;9
KONAK;HİLAL;656;13
KONAK;HURŞİDİYE;153;4
KONAK;HUZUR;562;16
KONAK;İMARİYE;2;1
KONAK;İSMET KAPTAN;308;104
KONAK;İSMET PAŞA;1302;29
KONAK;KADİFEKALE;987;8
KONAK;KAHRAMAN MESCİT;62;2
KONAK;KAHRAMANLAR;575;8
KONAK;KEMAL REİS;284;2
KONAK;KESTELLİ;141;1
KONAK;KILIÇ REİS;614;10
KONAK;KOCAKAPI;767;5
KONAK;KOCATEPE;281;5
KONAK;KONAK;1494;16
KONAK;KOSOVA;467;11
KONAK;KUBİLAY;655;2
KONAK;KÜÇÜKADA;815;17
KONAK;KÜLTÜR;582;66
KONAK;KURTULUŞ;64;
KONAK;LALE;961;10
KONAK;LEVENT;1153;15
KONAK;MECİDİYE;117;
KONAK;MEHMET AKİF;519;17
KONAK;MEHMET ALİ AKMAN;352;20
KONAK;MEHTAP;896;16
KONAK;MERSİNLİ;1521;47
KONAK;MİLLET;1028;20
KONAK;MİMAR SİNAN;445;48
KONAK;MİRALİ;248;3
KONAK;MİTHATPAŞA;536;5
KONAK;MURAT;1278;19
KONAK;MURAT REİS;738;17
KONAK;NAMAZGAH;7;1
KONAK;NAMIK KEMAL;157;3
KONAK;ODUNKAPI;89;1
KONAK;OĞUZLAR;174;6
KONAK;PAZARYERİ;307;2
KONAK;PİRİ REİS;262;8
KONAK;SAKARYA;255;3
KONAK;SAYGI;1019;17
KONAK;ŞEHİT NEDİM TUĞALTAY;74;1
KONAK;SELÇUK;685;10
KONAK;SÜMER;30;1
KONAK;SÜVARİ;484;2
KONAK;TAN;106;1
KONAK;TINAZTEPE;353;5
KONAK;TRAKYA;487;5
KONAK;TURGUT REİS;320;8
KONAK;TÜRKYILMAZ;94;2
KONAK;TUZCU;590;3
KONAK;UĞUR;106;4
KONAK;ÜLKÜ;329;4
KONAK;ULUBATLI;1541;23
KONAK;UMURBEY;558;33
KONAK;VEZİRAĞA;33;3
KONAK;YAVUZ SELİM;435;7
KONAK;YENİ;220;3
KONAK;YENİDOĞAN;656;14
KONAK;YENİGÜN;348;5
KONAK;YENİŞEHİR;1155;44
KONAK;YEŞİLDERE;563;6
KONAK;YEŞİLTEPE;206;6
KONAK;YILDIZ;83;7
KONAK;ZAFERTEPE;1350;28
KONAK;ZEYBEK;516;6
KONAK;ZEYTİNLİK;1038;59
MENDERES;AHMETBEYLİ;2000;37
MENDERES;AKÇAKÖY;216;11
MENDERES;ALTINTEPE;733;48
MENDERES;ATA;310;8
MENDERES;ATAKÖY;848;25
MENDERES;BARBAROS;715;37
MENDERES;BULGURCA;531;11
MENDERES;ÇAKALTEPE;463;25
MENDERES;ÇAMÖNÜ;688;5
MENDERES;ÇATALCA;374;28
MENDERES;ÇİLE;318;12
MENDERES;ÇİLEME;672;12
MENDERES;ÇUKURALTI;5226;93
MENDERES;CÜNEYTBEY;1004;51
MENDERES;DEĞİRMENDERE;930;113
MENDERES;DEREKÖY;612;66
MENDERES;DEVELİ;700;37
MENDERES;EFEMÇUKURU;214;39
MENDERES;GAZİPAŞA;1146;10
MENDERES;GÖLCÜKLER;1242;35
MENDERES;GÖLOVA;140;8
MENDERES;GÖRECE CUMHURİYET;924;76
MENDERES;GÜMÜLDÜR ATATÜRK;943;83
MENDERES;GÜMÜLDÜR CUMHURİYET;1063;44
MENDERES;GÜMÜLDÜR FEVZİ ÇAKMAK;1234;123
MENDERES;GÜMÜLDÜR İNÖNÜ;1790;150
MENDERES;HÜRRİYET;370;27
MENDERES;KARAKUYU;386;9
MENDERES;KASIMPAŞA;716;23
MENDERES;KELER;70;1
MENDERES;KEMALPAŞA;1077;27
MENDERES;KISIK;247;3
MENDERES;KÜNER;835;5
MENDERES;KUYUCAK;91;2
MENDERES;MİTHATPAŞA;704;10
MENDERES;OĞLANANASI ATATÜRK;1754;175
MENDERES;OĞLANANASI CUMHURİYET;523;191
MENDERES;ORTA;2129;31
MENDERES;ÖZDERE CUMHURİYET;846;43
MENDERES;SANCAKLI;307;27
MENDERES;ŞAŞAL;204;6
MENDERES;TEKELİ ATATÜRK;538;72
MENDERES;TEKELİ FEVZİ ÇAKMAK;496;39
MENDERES;YENİKÖY;573;6
MENEMEN;29 EKİM;822;73
MENEMEN;30 AĞUSTOS;404;42
MENEMEN;75.YIL CUMHURİYET;264;29
MENEMEN;85.YIL CUMHURİYET;243;20
MENEMEN;9 EYLÜL;667;32
MENEMEN;AHIHIDIR;742;30
MENEMEN;ALANİÇİ;152;5
MENEMEN;ATATÜRK;245;17
MENEMEN;AYVACIK;167;9
MENEMEN;BAĞCILAR;100;18
MENEMEN;BELEN;133;28
MENEMEN;BOZALAN;169;28
MENEMEN;BURUNCUK;212;18
MENEMEN;ÇALTI;102;31
MENEMEN;CAMİİKEBİR;531;28
MENEMEN;ÇAVUŞ;267;19
MENEMEN;ÇUKURKÖY;343;18
MENEMEN;CUMHURİYET;307;10
MENEMEN;DEĞİRMENDERE;469;23
MENEMEN;DOĞA;279;31
MENEMEN;EMİRALEM MERKEZ;514;19
MENEMEN;ESATPAŞA;576;17
MENEMEN;FATİH;523;54
MENEMEN;GAYBİ;166;3
MENEMEN;GAZİ;300;14
MENEMEN;GAZİ MUSTAFA KEMAL;340;31
MENEMEN;GÖKTEPE;281;22
MENEMEN;GÖLCÜK;846;21
MENEMEN;GÖRECE;123;15
MENEMEN;GÜNERLİ;146;13
MENEMEN;HASANLAR;123;8
MENEMEN;HATUNDERE;451;75
MENEMEN;HAYKIRAN;407;50
MENEMEN;İĞNEDERE;60;9
MENEMEN;İNCİRLİ PINAR;775;17
MENEMEN;İNÖNÜ;269;46
MENEMEN;IRMAK;1107;25
MENEMEN;İSMET İNÖNÜ;856;4
MENEMEN;İSTİKLAL;291;38
MENEMEN;KARAORMAN;38;3
MENEMEN;KASIMPAŞA;1023;13
MENEMEN;KAZIMPAŞA;841;13
MENEMEN;KEMAL ATATÜRK;372;14
MENEMEN;KESİK;356;35
MENEMEN;KIR;147;23
MENEMEN;MERMERLİ;1020;43
MENEMEN;MUSABEY;199;40
MENEMEN;MUSTAFA KEMAL ATATÜRK;249;20
MENEMEN;SEYDİNNASRULLAH;230;2
MENEMEN;SÜLEYMANLI;303;32
MENEMEN;SÜZBEYLİ;30;4
MENEMEN;TELEKLER;118;25
MENEMEN;TÜLBENTLİ;237;3
MENEMEN;TURGUTLAR;24;3
MENEMEN;TUZÇULLU;154;54
MENEMEN;UĞUR MUMCU;881;9
MENEMEN;ULUS;289;18
MENEMEN;VİLLAKENT;1485;36
MENEMEN;YAHŞELLİ;871;22
MENEMEN;YANIKKÖY;314;41
MENEMEN;YAYLA;401;19
MENEMEN;YEŞİL PINAR;480;5
MENEMEN;YILDIRIM;708;57
MENEMEN;ZAFER;388;6
MENEMEN;ZEYTİNLİK;299;19
NARLIDERE;2. İNÖNÜ;1029;45
NARLIDERE;ALTIEVLER;729;20
NARLIDERE;ATATÜRK;944;20
NARLIDERE;ÇAMTEPE;382;10
NARLIDERE;ÇATALKAYA;749;18
NARLIDERE;HUZUR;239;16
NARLIDERE;ILICA;523;15
NARLIDERE;LİMANREİS;922;22
NARLIDERE;NARLI;476;5
NARLIDERE;SAHİLEVLERİ;829;28
NARLIDERE;YENİKALE;235;6
ÖDEMİŞ;AKINCILAR;556;16
ÖDEMİŞ;ALAŞARLI;234;35
ÖDEMİŞ;ANAFARTALAR;604;10
ÖDEMİŞ;ARTICAK;79;5
ÖDEMİŞ;ATATÜRK;795;8
ÖDEMİŞ;BADEMLİ;1248;117
ÖDEMİŞ;BALABANLI;406;47
ÖDEMİŞ;BAYIRLI;218;44
ÖDEMİŞ;BEBEKLER;87;1
ÖDEMİŞ;BENGİSU;981;20
ÖDEMİŞ;BEYAZITLAR;113;15
ÖDEMİŞ;BIÇAKÇI;705;21
ÖDEMİŞ;BİRGİ;1567;108
ÖDEMİŞ;BOZCAYAKA;269;40
ÖDEMİŞ;BOZDAĞ;813;78
ÖDEMİŞ;BUCAK;183;16
ÖDEMİŞ;BÜLBÜLLER;87;27
ÖDEMİŞ;BÜYÜKAVULCUK;155;25
ÖDEMİŞ;ÇAĞLAYAN;68;4
ÖDEMİŞ;ÇAMLICA;201;15
ÖDEMİŞ;ÇAMYAYLA;268;24
ÖDEMİŞ;ÇAYIR;190;5
ÖDEMİŞ;ÇAYLI;695;39
ÖDEMİŞ;CEVİZALAN;112;18
ÖDEMİŞ;ÇOBANLAR;117;25
ÖDEMİŞ;CUMHURİYET;706;7
ÖDEMİŞ;DEMİRCİLİ;436;43
ÖDEMİŞ;DEMİRDERE;160;8
ÖDEMİŞ;DEREUZUNYER;82;
ÖDEMİŞ;DOLAYLAR;135;9
ÖDEMİŞ;EMİRLİ;487;34
ÖDEMİŞ;EMMİOĞLU;1539;25
ÖDEMİŞ;ERTUĞRUL;315;41
ÖDEMİŞ;GERÇEKLİ;268;48
ÖDEMİŞ;GERELİ;417;43
ÖDEMİŞ;GÖLCÜK;1659;138
ÖDEMİŞ;GÜNEY;147;5
ÖDEMİŞ;GÜNLÜCE;603;78
ÖDEMİŞ;HACIHASAN;102;5
ÖDEMİŞ;HAMAM;226;12
ÖDEMİŞ;HORZUM;311;29
ÖDEMİŞ;HÜRRİYET;1374;58
ÖDEMİŞ;İLKKURŞUN;143;25
ÖDEMİŞ;İNÖNÜ;1026;12
ÖDEMİŞ;IŞIK;76;5
ÖDEMİŞ;KARADOĞAN;282;31
ÖDEMİŞ;KARAKOVA;88;19
ÖDEMİŞ;KAYAKÖY;823;54
ÖDEMİŞ;KAYMAKÇI;1872;114
ÖDEMİŞ;KAZANLI;231;29
ÖDEMİŞ;KEMENLER;157;7
ÖDEMİŞ;KEMER;142;7
ÖDEMİŞ;KERPİÇLİK;152;8
ÖDEMİŞ;KIŞLA;63;5
ÖDEMİŞ;KIZILCA;101;7
ÖDEMİŞ;KIZILCAAVLU;294;30
ÖDEMİŞ;KÖFÜNDERE;177;30
ÖDEMİŞ;KONAKLI;1025;131
ÖDEMİŞ;KÖSELER;274;11
ÖDEMİŞ;KÜÇÜKAVULCUK;303;36
ÖDEMİŞ;KÜÇÜKÖREN;156;4
ÖDEMİŞ;KÜRE;178;6
ÖDEMİŞ;KURUCUOVA;458;65
ÖDEMİŞ;KUTLUBEYLER;76;10
ÖDEMİŞ;KUVVETLİ;504;16
ÖDEMİŞ;MESCİTLİ;422;24
ÖDEMİŞ;MEŞRUTİYET;436;12
ÖDEMİŞ;MİMAR SİNAN;542;4
ÖDEMİŞ;MURSALLI;211;32
ÖDEMİŞ;OCAKLI;264;13
ÖDEMİŞ;OĞUZLAR;72;7
ÖDEMİŞ;ORHANGAZİ;127;7
ÖDEMİŞ;ORTAKÖY;77;18
ÖDEMİŞ;OVACIK;117;5
ÖDEMİŞ;OVAKENT;1539;107
ÖDEMİŞ;PİRİNÇÇİ;287;8
ÖDEMİŞ;SEKİKÖY;218;37
ÖDEMİŞ;SEYREKLİ;324;42
ÖDEMİŞ;ŞİRİNKÖY;123;26
ÖDEMİŞ;SUÇIKTI;56;3
ÖDEMİŞ;SÜLEYMAN DEMİREL;650;38
ÖDEMİŞ;SÜLEYMANLAR;62;5
ÖDEMİŞ;TEKKE;324;26
ÖDEMİŞ;TOSUNLAR;125;7
ÖDEMİŞ;TÜRKMEN;1847;27
ÖDEMİŞ;TÜRKÖNÜ;194;14
ÖDEMİŞ;ÜÇ EYLÜL;1645;28
ÖDEMİŞ;ÜÇKONAK;283;34
ÖDEMİŞ;UMURBEY;1702;20
ÖDEMİŞ;ÜZÜMLÜ;122;8
ÖDEMİŞ;UZUNDERE;98;9
ÖDEMİŞ;VELİLER;129;11
ÖDEMİŞ;YENİCEKÖY;384;40
ÖDEMİŞ;YENİKÖY;453;37
ÖDEMİŞ;YEŞİLKÖY;94;45
ÖDEMİŞ;YILANLI;86;15
ÖDEMİŞ;YOLÜSTÜ;549;48
ÖDEMİŞ;YUSUFDERE;265;29
ÖDEMİŞ;ZAFER;1149;51
SEFERİHİSAR;ATATÜRK;3444;53
SEFERİHİSAR;BENGİLER;1368;21
SEFERİHİSAR;BEYLER;366;19
SEFERİHİSAR;CAMİKEBİR;2151;139
SEFERİHİSAR;ÇAMTEPE;59;4
SEFERİHİSAR;ÇOLAK İBRAHİM BEY;781;31
SEFERİHİSAR;CUMHURİYET;3460;29
SEFERİHİSAR;DÜZCE;794;79
SEFERİHİSAR;GÖDENCE;201;41
SEFERİHİSAR;GÖLCÜK;96;17
SEFERİHİSAR;HIDIRLIK;3243;133
SEFERİHİSAR;İHSANİYE;82;5
SEFERİHİSAR;KAVAKDERE;187;10
SEFERİHİSAR;MERSİN ALANI;1819;19
SEFERİHİSAR;ORHANLI;902;62
SEFERİHİSAR;PAYAMLI;1758;57
SEFERİHİSAR;SIĞACIK;2524;298
SEFERİHİSAR;TEPECİK;4015;215
SEFERİHİSAR;TURABİYE;770;27
SEFERİHİSAR;TURGUT;238;28
SEFERİHİSAR;ULAMIŞ;1604;141
SELÇUK;14 MAYIS;1403;19
SELÇUK;ACARLAR;231;23
SELÇUK;ATATÜRK;1690;68
SELÇUK;BARUTÇU;141;66
SELÇUK;BELEVİ;973;162
SELÇUK;ÇAMLIK;547;59
SELÇUK;CUMHURİYET;922;10
SELÇUK;GÖKÇEALAN;643;92
SELÇUK;HAVUTÇULU;163;48
SELÇUK;İSA BEY;713;46
SELÇUK;ŞİRİNCE;609;54
SELÇUK;SULTANİYE;56;11
SELÇUK;ZAFER;1186;46
SELÇUK;ZEYTİNKÖY;406;60
TİRE;4 EYLÜL;306;5
TİRE;ADNAN MENDERES;453;79
TİRE;AKÇAŞEHİR;247;25
TİRE;AKKOYUNLU;216;93
TİRE;AKMESCİT;287;4
TİRE;AKYURT;324;69
TİRE;ALACALI;201;63
TİRE;ALAYLI;167;68
TİRE;ARMUTLU;22;3
TİRE;ATATÜRK;382;21
TİRE;AYAKLIKIRI;237;70
TİRE;BAHARİYE;661;9
TİRE;BAŞKÖY;356;10
TİRE;BOYNUYOĞUN;309;38
TİRE;BÜYÜKKALE;380;100
TİRE;BÜYÜKKEMERDERE;233;14
TİRE;BÜYÜKKÖMÜRCÜ;147;9
TİRE;CAMBAZLI;182;10
TİRE;ÇAYIRLI;163;35
TİRE;ÇERİKÖZÜ;159;9
TİRE;ÇİNİYERİ;413;124
TİRE;ÇOBANKÖY;176;26
TİRE;ÇUKURKÖY;80;16
TİRE;CUMHURİYET;697;11
TİRE;DAĞDERE;171;4
TİRE;DALLIK;207;13
TİRE;DERE;844;9
TİRE;DEREBAŞI;832;236
TİRE;DERELİ;162;40
TİRE;DİBEKÇİ;95;2
TİRE;DOYRANLI;254;125
TİRE;DUATEPE;343;26
TİRE;DUMLUPINAR;348;4
TİRE;DÜNDARLI;172;4
TİRE;EĞRİDERE;434;41
TİRE;ERTUĞRUL;386;3
TİRE;ESKİOBA;428;129
TİRE;FATİH;724;19
TİRE;GÖKÇEN;508;127
TİRE;HALKAPINAR;137;41
TİRE;HASANÇAVUŞLAR;80;29
TİRE;HİSARLIK;168;15
TİRE;HÜRRİYET;621;17
TİRE;İBNİ MELEK;724;67
TİRE;İHSANİYE;690;48
TİRE;İPEKÇİLER;799;13
TİRE;IŞIKLAR;170;59
TİRE;IŞIKLI;400;64
TİRE;İSTİKLAL;801;13
TİRE;KAHRAT;799;236
TİRE;KAPLAN;172;8
TİRE;KARACA ALİ;242;31
TİRE;KARATEKE;316;126
TİRE;KETENCİ;592;4
TİRE;KİRELİ;521;41
TİRE;KIRTEPE;303;87
TİRE;KIZILCAHAVLU;262;19
TİRE;KOCAALİLER;85;6
TİRE;KÜÇÜKBURUN;57;4
TİRE;KÜÇÜKKALE;198;46
TİRE;KÜÇÜKKEMERDERE;309;21
TİRE;KÜÇÜKKÖMÜRCÜ;87;10
TİRE;KÜRDÜLLÜ;171;53
TİRE;KURŞAK;111;58
TİRE;KURTULUŞ;868;5
TİRE;MAHMUTLAR;202;64
TİRE;MEHMETLER;173;52
TİRE;MUSALAR;122;9
TİRE;ORTAKÖY;83;11
TİRE;OSMANCIK;162;32
TİRE;PAŞA;548;9
TİRE;PEŞREFLİ;395;160
TİRE;SARILAR;226;30
TİRE;SARUHANLI;127;21
TİRE;SOMAK;127;6
TİRE;TOKİ;200;26
TİRE;TOPALAK;126;4
TİRE;TOPARLAR;78;3
TİRE;TURAN;631;47
TİRE;TURGUTLU;81;27
TİRE;ÜZÜMLER;141;48
TİRE;YAMANDERE;100;1
TİRE;YEĞENLİ;299;109
TİRE;YEMİŞLER;69;10
TİRE;YENİ;1172;35
TİRE;YENİÇİFTLİK;327;89
TİRE;YENİOBA;255;54
TİRE;YENİŞEHİR;102;6
TORBALI;19 MAYIS;271;38
TORBALI;AHMETLİ;423;55
TORBALI;ALPKENT;457;7
TORBALI;ARSLANLAR;506;120
TORBALI;ATALAN;242;149
TORBALI;ATATÜRK;1522;10
TORBALI;AYRANCILAR;1033;25
TORBALI;BAHÇELİEVLER;346;34
TORBALI;BOZKÖY;366;19
TORBALI;BÜLBÜLDERE;121;18
TORBALI;ÇAKIRBEYLİ;443;62
TORBALI;ÇAMLICA;140;26
TORBALI;ÇAPAK;850;53
TORBALI;ÇAYBAŞI;532;53
TORBALI;CUMHURİYET;204;3
TORBALI;DAĞKIZILCA;725;44
TORBALI;DAĞTEKE;75;26
TORBALI;DEMİRCİ;388;45
TORBALI;DİRMİL;559;62
TORBALI;DÜVERLİK;119;13
TORBALI;EĞERCİ;315;32
TORBALI;ERTUĞRUL;1375;12
TORBALI;FEVZİ ÇAKMAK;1311;38
TORBALI;GAZİ MUSTAFA KEMAL;560;64
TORBALI;GÖLLÜCE;319;76
TORBALI;HELVACI;205;27
TORBALI;İNÖNÜ;1838;68
TORBALI;İSTİKLAL;675;51
TORBALI;KAPLANCIK;97;14
TORBALI;KARAKIZLAR;320;18
TORBALI;KARAKUYU;314;44
TORBALI;KARAOT;212;11
TORBALI;KARŞIYAKA;452;15
TORBALI;KAZIM KARABEKİR;757;83
TORBALI;KIRBAŞ;117;73
TORBALI;KUŞÇUBURUN;678;55
TORBALI;MURATBEY;1724;24
TORBALI;MUSTAFA KEMAL ATATÜRK;413;11
TORBALI;NAİME;125;34
TORBALI;ORMANKÖY;153;20
TORBALI;ORTAKÖY;63;32
TORBALI;ÖZBEY;739;44
TORBALI;PAMUKYAZI;578;53
TORBALI;PANCAR;492;60
TORBALI;SAĞLIK;74;2
TORBALI;SAİPLER;239;12
TORBALI;ŞEHİTLER;399;19
TORBALI;SUBAŞI;712;51
TORBALI;TAŞKESİK;180;27
TORBALI;TEPEKÖY;952;9
TORBALI;TORBALI;1428;40
TORBALI;TULUM;169;24
TORBALI;TÜRKMENKÖY;312;14
TORBALI;YAZIBAŞI;1127;107
TORBALI;YEDİ EYLÜL;1467;49
TORBALI;YEMİŞLİK;251;8
TORBALI;YENİ;500;
TORBALI;YENİKÖY;609;49
TORBALI;YEŞİLKÖY;271;8
TORBALI;YOĞURTÇULAR;194;12
URLA;ALTINTAŞ;1006;14
URLA;ATATÜRK;2404;86
URLA;BADEMLER;1133;130
URLA;BALIKLIOVA;889;42
URLA;BARBAROS;371;57
URLA;BİRGİ;160;27
URLA;CAMİATİK;507;17
URLA;ÇAMLIÇAY;1076;19
URLA;DEMİRCİLİ;116;14
URLA;DENİZLİ;2446;94
URLA;GÜLBAHÇE;2696;34
URLA;GÜVENDİK;1992;50
URLA;HACI İSA;422;5
URLA;İÇMELER;2169;129
URLA;İSKELE;1684;67
URLA;KADIOVACIK;169;27
URLA;KALABAK;2501;74
URLA;KUŞÇULAR;1873;519
URLA;M.FEVZİ ÇAKMAK;777;31
URLA;NAİPLİ;64;3
URLA;NOHUTALAN;99;26
URLA;OVACIK;91;29
URLA;ÖZBEK;1792;33
URLA;RÜSTEM;337;27
URLA;SIRA;704;32
URLA;ŞİRİNKENT;1009;34
URLA;TORASAN;1043;23
URLA;UZUNKUYU;346;77
URLA;YAĞCILAR;563;31
URLA;YAKA;1268;43
URLA;YELALTI;659;137
URLA;YENİ;323;12
URLA;YENİCE;1027;74
URLA;YENİKENT;1183;39
URLA;ZEYTİNALANI;690;18
URLA;ZEYTİNELİ;278;60
URLA;ZEYTİNLER;293;42
